timestamp,protein_id,sequence,function,confidence
20250402_215832,SEQ_20250402_215832,MDRYGEKQQQQQMFASYVDASLLAASGEVQGERPRARRRRRRGARCVGGGGGGGEVDGGDPKKRRLSDEQVEMLELSFREERKLETGRKVHLASELGLDPKQVAVWFQNRRARHKSKLLEEEFSKLKHAHDAAILHKCHLENEVLRLKERLVVAEEEVRRLRSAAGSHTASGEGGDIMGLGGSGACVAGSPSSSFSTGTCQPPSFGGGGGGGDHLGDDDLVYVPEYGGYADNSVVEWFSLYGLI,dna_binding,0.8281830549240112
20250402_221557,SEQ_20250402_221557,MDRYGEKQQQQQMFASYVDASLLAASGEVQGERPRARRRRRRGARCVGGGGGGGEVDGGDPKKRRLSDEQVEMLELSFREERKLETGRKVHLASELGLDPKQVAVWFQNRRARHKSKLLEEEFSKLKHAHDAAILHKCHLENEVLRLKERLVVAEEEVRRLRSAAGSHTASGEGGDIMGLGGSGACVAGSPSSSFSTGTCQPPSFGGGGGGGDHLGDDDLVYVPEYGGYADNSVVEWFSLYGLI,dna_binding,0.8281830549240112
20250402_221613,SEQ_20250402_221613,MDRYGEKQQQQQMFASYVDASLLAASGEVQGERPRARRRRRRGARCVGGGGGGGEVDGGDPKKRRLSDEQVEMLELSFREERKLETGRKVHLASELGLDPKQVAVWFQNRRARHKSKLLEEEFSKLKHAHDAAILHKCHLENEVLRLKERLVVAEEEVRRLRSAAGSHTASGEGGDIMGLGGSGACVAGSPSSSFSTGTCQPPSFGGGGGGGDHLGDDDLVYVPEYGGYADNSVVEWFSLYGLI,dna_binding,0.8281830549240112
20250402_221933,SEQ_20250402_221933,MVLSPADKTNVKAAWGKVGAHAGEYGAEALERMFLSFPTTKTYFPHF,protein_binding,0.6426932215690613
20250402_221933,SEQ_20250402_221933,MVLSPADKTNVKAAWGKVGAHAGEYGAEALERMFLSFPTTKTYFPHF,catalytic,0.5792121291160583
20250403_091653,SEQ_20250403_091653,MSSLSGKVQTVLGLVEPSQLGRTLTHEHLTMTFDSFYCPPPPCHEVTSKEPIMMKNLFWIQKNPYSHRENLQLNQEVGAIREELLYFKAKGGGALVENTTTGLSRDVHTLKWLAEQTGVHIIAGAGFYVDATHSAATRAMSVEQLTDVLINEILHGADGTSIKCGVIGEIGCSWPLTDSERKILEATAHAQAQLGCPVIIHPGRNPGAPFQIIRILQEAGADISKTVMSHLDRTIFDKKELLEFAQLGCYLEYDLFGTELLNYQLSPDIDMPDDNKRIRRVHFLVDEGYEDRILMAHDIHTKHRLMKYGGHGYSHILTNIVPKMLLRGLTERVLDKILIENPKQWLTFK,structural,0.6819190382957458
20250403_131902,SEQ_20250403_131902,MVLSPADKTNVKAAWGKVGAHAGEYGAEALERMFLSFPTTKTYFPHF,protein_binding,0.6426926255226135
20250403_131902,SEQ_20250403_131902,MVLSPADKTNVKAAWGKVGAHAGEYGAEALERMFLSFPTTKTYFPHF,catalytic,0.5792118310928345
20250403_144926,SEQ_20250403_144926,MDRYGEKQQQQQMFASYVDASLLAASGEVQGERPRARRRRRRGARCVGGGGGGGEVDGGDPKKRRLSDEQVEMLELSFREERKLETGRKVHLASELGLDPKQVAVWFQNRRARHKSKLLEEEFSKLKHAHDAAILHKCHLENEVLRLKERLVVAEEEVRRLRSAAGSHTASGEGGDIMGLGGSGACVAGSPSSSFSTGTCQPPSFGGGGGGGDHLGDDDLVYVPEYGGYADNSVVEWFSLYGLI,dna_binding,0.8281830549240112
20250404_142854,SEQ_20250404_142854,MVLSPADKTNVKAAWGKVGAHAGEYGAEALERMFLSFPTTKTYFPHF,protein_binding,0.6426926255226135
20250404_142854,SEQ_20250404_142854,MVLSPADKTNVKAAWGKVGAHAGEYGAEALERMFLSFPTTKTYFPHF,catalytic,0.5792118310928345
20250404_152251,SEQ_20250404_152251,MVLSPADKTNVKAAWGKVGAHAGEYGAEALERMFLSFPTTKTYFPHF,protein_binding,0.6426926255226135
20250404_152251,SEQ_20250404_152251,MVLSPADKTNVKAAWGKVGAHAGEYGAEALERMFLSFPTTKTYFPHF,catalytic,0.5792118310928345
20250404_152509,SEQ_20250404_152509,MVLSPADKTNVKAAWGKVGAHAGEYGAEALERMFLSFPTTKTYFPHF,protein_binding,0.6426926255226135
20250404_152509,SEQ_20250404_152509,MVLSPADKTNVKAAWGKVGAHAGEYGAEALERMFLSFPTTKTYFPHF,catalytic,0.5792118310928345
